{"cameraMode":{"drawMode":0,"name":"Shaded","section":"Shading Mode"},"sceneLighting":false,"audioPlay":false,"sceneViewState":{"m_AlwaysRefresh":false,"showFog":true,"showSkybox":false,"showFlares":true,"showImageEffects":true,"showParticleSystems":true,"showVisualEffectGraphs":true,"m_FxEnabled":true},"in2DMode":false,"pivot":{"x":316.7459716796875,"y":253.20298767089845,"z":1.42230224609375},"rotation":{"x":0.008663736283779145,"y":0.0782150849699974,"z":0.0006785726873204112,"w":-0.9969057440757752},"size":232.96075439453126,"orthographic":false}