{"cameraMode":{"drawMode":0,"name":"Shaded","section":"Shading Mode"},"sceneLighting":false,"audioPlay":false,"sceneViewState":{"m_AlwaysRefresh":false,"showFog":true,"showSkybox":false,"showFlares":true,"showImageEffects":true,"showParticleSystems":true,"showVisualEffectGraphs":true,"m_FxEnabled":true},"in2DMode":false,"pivot":{"x":2.374253749847412,"y":1.2326477766036988,"z":0.05159306153655052},"rotation":{"x":-0.012875852175056935,"y":-0.7005258798599243,"z":0.011046478524804116,"w":-0.7134523391723633},"size":3.2936599254608156,"orthographic":false}