{"cameraMode":{"drawMode":0,"name":"Shaded","section":"Shading Mode"},"sceneLighting":true,"audioPlay":false,"sceneViewState":{"m_AlwaysRefresh":false,"showFog":true,"showSkybox":true,"showFlares":true,"showImageEffects":true,"showParticleSystems":true,"showVisualEffectGraphs":true,"m_FxEnabled":true},"in2DMode":false,"pivot":{"x":488.43951416015627,"y":302.545166015625,"z":-26.059288024902345},"rotation":{"x":0.18026967346668244,"y":-0.29209423065185549,"z":0.05740373581647873,"w":0.9375200867652893},"size":81.59520721435547,"orthographic":false}